type_A;type_B;epsilon_A;min_sample_A;epsilon_B;min_sample_B;threshold_conserved_area;ratio_removed_cells_robustess_test;n_experiment_of_removing;n_robust_cluster_A;n_robust_clustered_cells_A;n_robust_isolated_cells_A;fraction_robust_clustered_A;n_robust_cluster_B;n_robust_clustered_cells_B;n_robust_isolated_cells_B;fraction_robust_clustered_B;n_all_cluster_A;n_all_clustered_cells_A;n_all_isolated_cells_A;fraction_all_clustered_A;n_all_cluster_B;n_all_clustered_cells_B;n_all_isolated_cells_B;fraction_all_clustered_B;fraction_robust_clusters_A;mean_n_cells_robust_clusters_A;std_n_cells_robust_clusters_A;mean_n_edge_cells_robust_clusters_A;std_n_edge_cells_robust_clusters_A;mean_n_inside_cells_robust_clusters_A;mean_area_robust_clusters_A;std_area_robust_clusters_A;mean_conserved_area_robust_clusters_A;std_conserved_area_robust_clusters_A;mean_distance_old_new_centroid_robust_clusters_A;std_distance_old_new_centroid_robust_clusters_A;mean_n_cells_all_clusters_A;std_n_cells_all_clusters_A;mean_n_edge_cells_all_clusters_A;std_n_edge_cells_all_clusters_A;mean_n_inside_cells_all_clusters_A;mean_area_all_clusters_A;std_area_all_clusters_A;mean_conserved_area_all_clusters_A;std_conserved_area_all_clusters_A;mean_distance_old_new_centroid_all_clusters_A;std_distance_old_new_centroid_all_clusters_A;mean_n_cells_robust_clusters_B;std_n_cells_robust_clusters_B;mean_n_edge_cells_robust_clusters_B;std_n_edge_cells_robust_clusters_B;mean_n_inside_cells_robust_clusters_B;mean_area_robust_clusters_B;std_area_robust_clusters_B;mean_conserved_area_robust_clusters_B;std_conserved_area_robust_clusters_B;mean_distance_old_new_centroid_robust_clusters_B;std_distance_old_new_centroid_robust_clusters_B;mean_n_cells_all_clusters_B;std_n_cells_all_clusters_B;mean_n_edge_cells_all_clusters_B;std_n_edge_cells_all_clusters_B;mean_n_inside_cells_all_clusters_B;mean_area_all_clusters_B;std_area_all_clusters_B;mean_conserved_area_all_clusters_B;std_conserved_area_all_clusters_B;mean_distance_old_new_centroid_all_clusters_B;std_distance_old_new_centroid_all_clusters_B;iou;i_A;fraction_A_in_B_clusters;fraction_clustered_A_in_clustered_B;i_B;fraction_B_in_A_clusters;fraction_clustered_B_in_clustered_A
B;B;5257.692307692308;4;5257.692307692308;4;0.6;0.1;100;0;0;4;0.0;0;0;4;0.0;1;4;0;1.0;1;4;0;1.0;0.0;;;;;;;;;;;;4.0;;3.0;;1.0;125473.5;;0.29923369468372996;;172.57603135570022;;;;;;;;;;;;;4.0;;3.0;;1.0;125473.5;;0.29923369468372996;;172.57603135570022;;0.0;0.0;0.0;0.0;0.0;0.0;0.0
B;BnT;5257.692307692308;4;3864.102564102564;4;0.6;0.1;100;0;0;4;0.0;1;7;0;1.0;1;4;0;1.0;1;7;0;1.0;0.0;;;;;;;;;;;;4.0;;3.0;;1.0;125473.5;;0.29923369468372996;;172.57603135570022;;7.0;;4.0;;3.0;6472.0;;0.6352617647426053;;14.152800466769595;;7.0;;4.0;;3.0;6472.0;;0.6352617647426053;;14.152800466769595;;0.0;0.0;0.0;0.0;0.0;0.0;0.0
B;DC;5257.692307692308;4;2100.0;4;0.6;0.1;100;0;0;4;0.0;2;17;9;0.6538461538461539;1;4;0;1.0;4;26;0;1.0;0.0;;;;;;;;;;;;4.0;;3.0;;1.0;125473.5;;0.29923369468372996;;172.57603135570022;;8.5;4.949747468305833;4.5;0.7071067811865476;4.0;195608.75;150304.38517596552;0.747278403308073;0.12599486654113878;63.808552345335976;23.220041950168532;6.5;3.696845502136472;4.0;0.816496580927726;2.5;111779.25;130289.98803982088;0.6096098229949404;0.17719696003681937;55.72728807620885;18.999181800042646;0.0;0.0;0.5;0.0;0.0;0.0;0.0
B;MacCD163;5257.692307692308;4;1466.6666666666667;4;0.6;0.1;100;0;0;4;0.0;23;271;226;0.545271629778672;1;4;0;1.0;38;332;165;0.6680080482897385;0.0;;;;;;;;;;;;4.0;;3.0;;1.0;125473.5;;0.29923369468372996;;172.57603135570022;;11.782608695652174;11.032829200078409;6.086956521739131;1.3788349323798652;5.695652173913044;25685.217391304348;47043.84439802988;0.8447621362002404;0.1083207768503265;10.334679127730045;2.8114389555519157;8.736842105263158;9.330809792284958;5.131578947368421;1.6303051054456354;3.6052631578947367;16751.25;37998.42449663343;0.6995904466219952;0.21374170374297433;12.226758938587391;4.548081346281017;0.0;0.0;0.5;0.0;0.0;0.0;0.0
B;Neutrophil;5257.692307692308;4;6300.0;4;0.6;0.1;100;0;0;4;0.0;0;0;4;0.0;1;4;0;1.0;1;4;0;1.0;0.0;;;;;;;;;;;;4.0;;3.0;;1.0;125473.5;;0.29923369468372996;;172.57603135570022;;;;;;;;;;;;;4.0;;3.0;;1.0;3030445.0;;0.33423900756916197;;557.4902940425847;;0.0;0.0;0.0;0.0;0.0;0.0;0.0
B;T;5257.692307692308;4;1400.0;4;0.6;0.1;100;0;0;4;0.0;19;381;167;0.6952554744525548;1;4;0;1.0;27;416;132;0.7591240875912408;0.0;;;;;;;;;;;;4.0;;3.0;;1.0;125473.5;;0.29923369468372996;;172.57603135570022;;20.05263157894737;54.28983297922623;5.578947368421052;2.631345018842481;14.473684210526315;46257.44736842105;163081.09968789684;0.7897130912068188;0.08823021980103322;11.21050952484222;3.272457177643326;15.407407407407407;45.75794110085345;4.962962962962963;2.4096198468363856;10.444444444444445;33586.555555555555;137150.3082220052;0.6878690965446632;0.18415009319345788;13.167728465061192;5.143091467535694;0.0;0.0;1.0;0.0;0.0;0.0;0.0
B;Tumor;5257.692307692308;4;600.0;4;0.6;0.1;100;0;0;4;0.0;52;554;446;0.554;1;4;0;1.0;82;673;327;0.673;0.0;;;;;;;;;;;;4.0;;3.0;;1.0;125473.5;;0.29923369468372996;;172.57603135570022;;10.653846153846153;6.848170259086429;5.8076923076923075;1.386750490563073;4.846153846153846;3061.25;3575.407790399168;0.818291490869303;0.09287273796900009;4.2171034369068225;0.8445922376290474;8.207317073170731;6.339641702065591;4.951219512195122;1.6094047594109362;3.2560975609756095;2082.310975609756;3121.302482800619;0.6988851657824479;0.19985005854975355;4.697525458978089;1.198763446803111;0.0;0.0;0.0;0.0;0.0;0.0;0.0
B;Tumor_CD15;5257.692307692308;4;3770.0;4;0.6;0.1;100;0;0;4;0.0;0;0;3;0.0;1;4;0;1.0;0;0;3;0.0;0.0;;;;;;;;;;;;4.0;;3.0;;1.0;125473.5;;0.29923369468372996;;172.57603135570022;;;;;;;;;;;;;;;;;;;;;;;;0.0;0.0;0.0;0.0;0.0;0.0;0.0
B;other;5257.692307692308;4;1400.0;4;0.6;0.1;100;0;0;4;0.0;79;920;631;0.5931656995486783;1;4;0;1.0;113;1063;488;0.685364281108962;0.0;;;;;;;;;;;;4.0;;3.0;;1.0;125473.5;;0.29923369468372996;;172.57603135570022;;11.645569620253164;7.360737795175266;5.594936708860759;1.4721255114914291;6.050632911392405;9025.73417721519;10194.529335734449;0.8199104927707005;0.10570707131916668;6.672926711989142;1.7475005914759745;9.4070796460177;7.044041514618671;5.035398230088496;1.5173355614590556;4.371681415929204;6619.159292035398;9278.365009830637;0.7216579751253407;0.18364551658355943;7.325488850353583;2.2605696571516334;0.0;0.0;0.25;0.0;0.0;0.0;0.0
BnT;B;3864.102564102564;4;5257.692307692308;4;0.6;0.1;100;1;7;0;1.0;0;0;4;0.0;1;7;0;1.0;1;4;0;1.0;1.0;7.0;;4.0;;3.0;6472.0;;0.6352617647426053;;14.152800466769595;;7.0;;4.0;;3.0;6472.0;;0.6352617647426053;;14.152800466769595;;;;;;;;;;;;;4.0;;3.0;;1.0;125473.5;;0.29923369468372996;;172.57603135570022;;0.0;0.0;0.0;0.0;0.0;0.0;0.0
BnT;BnT;3864.102564102564;4;3864.102564102564;4;0.6;0.1;100;1;7;0;1.0;1;7;0;1.0;1;7;0;1.0;1;7;0;1.0;1.0;7.0;;4.0;;3.0;6472.0;;0.6352617647426053;;14.152800466769595;;7.0;;4.0;;3.0;6472.0;;0.6352617647426053;;14.152800466769595;;7.0;;4.0;;3.0;6472.0;;0.6352617647426053;;14.152800466769595;;7.0;;4.0;;3.0;6472.0;;0.6352617647426053;;14.152800466769595;;1.0;1.0;1.0;1.0;1.0;1.0;1.0
BnT;DC;3864.102564102564;4;2100.0;4;0.6;0.1;100;1;7;0;1.0;2;17;9;0.6538461538461539;1;7;0;1.0;4;26;0;1.0;1.0;7.0;;4.0;;3.0;6472.0;;0.6352617647426053;;14.152800466769595;;7.0;;4.0;;3.0;6472.0;;0.6352617647426053;;14.152800466769595;;8.5;4.949747468305833;4.5;0.7071067811865476;4.0;195608.75;150304.38517596552;0.747278403308073;0.12599486654113878;63.808552345335976;23.220041950168532;6.5;3.696845502136472;4.0;0.816496580927726;2.5;111779.25;130289.98803982088;0.6096098229949404;0.17719696003681937;55.72728807620885;18.999181800042646;0.016543227232933087;1.0;1.0;1.0;0.016543227232933087;0.038461538461538464;0.058823529411764705
BnT;MacCD163;3864.102564102564;4;1466.6666666666667;4;0.6;0.1;100;1;7;0;1.0;23;271;226;0.545271629778672;1;7;0;1.0;38;332;165;0.6680080482897385;1.0;7.0;;4.0;;3.0;6472.0;;0.6352617647426053;;14.152800466769595;;7.0;;4.0;;3.0;6472.0;;0.6352617647426053;;14.152800466769595;;11.782608695652174;11.032829200078409;6.086956521739131;1.3788349323798652;5.695652173913044;25685.217391304348;47043.84439802988;0.8447621362002404;0.1083207768503265;10.334679127730045;2.8114389555519157;8.736842105263158;9.330809792284958;5.131578947368421;1.6303051054456354;3.6052631578947367;16751.25;37998.42449663343;0.6995904466219952;0.21374170374297433;12.226758938587391;4.548081346281017;0.0040620802483101745;0.3733296593002593;0.7142857142857143;0.7142857142857143;0.004089968100398264;0.002012072434607646;0.0
BnT;Neutrophil;3864.102564102564;4;6300.0;4;0.6;0.1;100;1;7;0;1.0;0;0;4;0.0;1;7;0;1.0;1;4;0;1.0;1.0;7.0;;4.0;;3.0;6472.0;;0.6352617647426053;;14.152800466769595;;7.0;;4.0;;3.0;6472.0;;0.6352617647426053;;14.152800466769595;;;;;;;;;;;;;4.0;;3.0;;1.0;3030445.0;;0.33423900756916197;;557.4902940425847;;0.0;0.0;0.0;0.0;0.0;0.0;0.0
BnT;T;3864.102564102564;4;1400.0;4;0.6;0.1;100;1;7;0;1.0;19;381;167;0.6952554744525548;1;7;0;1.0;27;416;132;0.7591240875912408;1.0;7.0;;4.0;;3.0;6472.0;;0.6352617647426053;;14.152800466769595;;7.0;;4.0;;3.0;6472.0;;0.6352617647426053;;14.152800466769595;;20.05263157894737;54.28983297922623;5.578947368421052;2.631345018842481;14.473684210526315;46257.44736842105;163081.09968789684;0.7897130912068188;0.08823021980103322;11.21050952484222;3.272457177643326;15.407407407407407;45.75794110085345;4.962962962962963;2.4096198468363856;10.444444444444445;33586.555555555555;137150.3082220052;0.6878690965446632;0.18415009319345788;13.167728465061192;5.143091467535694;0.00736382135906423;1.0;1.0;1.0;0.00736382135906423;0.012773722627737226;0.018229166666666668
BnT;Tumor;3864.102564102564;4;600.0;4;0.6;0.1;100;1;7;0;1.0;52;554;446;0.554;1;7;0;1.0;82;673;327;0.673;1.0;7.0;;4.0;;3.0;6472.0;;0.6352617647426053;;14.152800466769595;;7.0;;4.0;;3.0;6472.0;;0.6352617647426053;;14.152800466769595;;10.653846153846153;6.848170259086429;5.8076923076923075;1.386750490563073;4.846153846153846;3061.25;3575.407790399168;0.818291490869303;0.09287273796900009;4.2171034369068225;0.8445922376290474;8.207317073170731;6.339641702065591;4.951219512195122;1.6094047594109362;3.2560975609756095;2082.310975609756;3121.302482800619;0.6988851657824479;0.19985005854975355;4.697525458978089;1.198763446803111;0.0;0.0;0.0;0.0;0.0;0.0;0.0
BnT;Tumor_CD15;3864.102564102564;4;3770.0;4;0.6;0.1;100;1;7;0;1.0;0;0;3;0.0;1;7;0;1.0;0;0;3;0.0;1.0;7.0;;4.0;;3.0;6472.0;;0.6352617647426053;;14.152800466769595;;7.0;;4.0;;3.0;6472.0;;0.6352617647426053;;14.152800466769595;;;;;;;;;;;;;;;;;;;;;;;;0.0;0.0;0.0;0.0;0.0;0.0;0.0
BnT;other;3864.102564102564;4;1400.0;4;0.6;0.1;100;1;7;0;1.0;79;920;631;0.5931656995486783;1;7;0;1.0;113;1063;488;0.685364281108962;1.0;7.0;;4.0;;3.0;6472.0;;0.6352617647426053;;14.152800466769595;;7.0;;4.0;;3.0;6472.0;;0.6352617647426053;;14.152800466769595;;11.645569620253164;7.360737795175266;5.594936708860759;1.4721255114914291;6.050632911392405;9025.73417721519;10194.529335734449;0.8199104927707005;0.10570707131916668;6.672926711989142;1.7475005914759745;9.4070796460177;7.044041514618671;5.035398230088496;1.5173355614590556;4.371681415929204;6619.159292035398;9278.365009830637;0.7216579751253407;0.18364551658355943;7.325488850353583;2.2605696571516334;0.0;0.0;0.0;0.0;0.0;0.0;0.0
DC;B;2100.0;4;5257.692307692308;4;0.6;0.1;100;2;17;9;0.6538461538461539;0;0;4;0.0;4;26;0;1.0;1;4;0;1.0;0.5;8.5;4.949747468305833;4.5;0.7071067811865476;4.0;195608.75;150304.38517596552;0.747278403308073;0.12599486654113878;63.808552345335976;23.220041950168532;6.5;3.696845502136472;4.0;0.816496580927726;2.5;111779.25;130289.98803982088;0.6096098229949404;0.17719696003681937;55.72728807620885;18.999181800042646;;;;;;;;;;;;4.0;;3.0;;1.0;125473.5;;0.29923369468372996;;172.57603135570022;;0.0;0.0;0.0;0.0;0.0;0.5;0.0
DC;BnT;2100.0;4;3864.102564102564;4;0.6;0.1;100;2;17;9;0.6538461538461539;1;7;0;1.0;4;26;0;1.0;1;7;0;1.0;0.5;8.5;4.949747468305833;4.5;0.7071067811865476;4.0;195608.75;150304.38517596552;0.747278403308073;0.12599486654113878;63.808552345335976;23.220041950168532;6.5;3.696845502136472;4.0;0.816496580927726;2.5;111779.25;130289.98803982088;0.6096098229949404;0.17719696003681937;55.72728807620885;18.999181800042646;7.0;;4.0;;3.0;6472.0;;0.6352617647426053;;14.152800466769595;;7.0;;4.0;;3.0;6472.0;;0.6352617647426053;;14.152800466769595;;0.016543227232933087;0.016543227232933087;0.038461538461538464;0.058823529411764705;1.0;1.0;1.0
DC;DC;2100.0;4;2100.0;4;0.6;0.1;100;2;17;9;0.6538461538461539;2;17;9;0.6538461538461539;4;26;0;1.0;4;26;0;1.0;0.5;8.5;4.949747468305833;4.5;0.7071067811865476;4.0;195608.75;150304.38517596552;0.747278403308073;0.12599486654113878;63.808552345335976;23.220041950168532;6.5;3.696845502136472;4.0;0.816496580927726;2.5;111779.25;130289.98803982088;0.6096098229949404;0.17719696003681937;55.72728807620885;18.999181800042646;8.5;4.949747468305833;4.5;0.7071067811865476;4.0;195608.75;150304.38517596552;0.747278403308073;0.12599486654113878;63.808552345335976;23.220041950168532;6.5;3.696845502136472;4.0;0.816496580927726;2.5;111779.25;130289.98803982088;0.6096098229949404;0.17719696003681937;55.72728807620885;18.999181800042646;1.0;1.0;0.6538461538461539;1.0;1.0;0.6538461538461539;1.0
DC;MacCD163;2100.0;4;1466.6666666666667;4;0.6;0.1;100;2;17;9;0.6538461538461539;23;271;226;0.545271629778672;4;26;0;1.0;38;332;165;0.6680080482897385;0.5;8.5;4.949747468305833;4.5;0.7071067811865476;4.0;195608.75;150304.38517596552;0.747278403308073;0.12599486654113878;63.808552345335976;23.220041950168532;6.5;3.696845502136472;4.0;0.816496580927726;2.5;111779.25;130289.98803982088;0.6096098229949404;0.17719696003681937;55.72728807620885;18.999181800042646;11.782608695652174;11.032829200078409;6.086956521739131;1.3788349323798652;5.695652173913044;25685.217391304348;47043.84439802988;0.8447621362002404;0.1083207768503265;10.334679127730045;2.8114389555519157;8.736842105263158;9.330809792284958;5.131578947368421;1.6303051054456354;3.6052631578947367;16751.25;37998.42449663343;0.6995904466219952;0.21374170374297433;12.226758938587391;4.548081346281017;0.22622114623542794;0.4630710818496;0.23076923076923078;0.35294117647058826;0.3066583908245241;0.09456740442655935;0.16605166051660517
DC;Neutrophil;2100.0;4;6300.0;4;0.6;0.1;100;2;17;9;0.6538461538461539;0;0;4;0.0;4;26;0;1.0;1;4;0;1.0;0.5;8.5;4.949747468305833;4.5;0.7071067811865476;4.0;195608.75;150304.38517596552;0.747278403308073;0.12599486654113878;63.808552345335976;23.220041950168532;6.5;3.696845502136472;4.0;0.816496580927726;2.5;111779.25;130289.98803982088;0.6096098229949404;0.17719696003681937;55.72728807620885;18.999181800042646;;;;;;;;;;;;4.0;;3.0;;1.0;3030445.0;;0.33423900756916197;;557.4902940425847;;0.0;0.0;0.0;0.0;0.0;0.0;0.0
DC;T;2100.0;4;1400.0;4;0.6;0.1;100;2;17;9;0.6538461538461539;19;381;167;0.6952554744525548;4;26;0;1.0;27;416;132;0.7591240875912408;0.5;8.5;4.949747468305833;4.5;0.7071067811865476;4.0;195608.75;150304.38517596552;0.747278403308073;0.12599486654113878;63.808552345335976;23.220041950168532;6.5;3.696845502136472;4.0;0.816496580927726;2.5;111779.25;130289.98803982088;0.6096098229949404;0.17719696003681937;55.72728807620885;18.999181800042646;20.05263157894737;54.28983297922623;5.578947368421052;2.631345018842481;14.473684210526315;46257.44736842105;163081.09968789684;0.7897130912068188;0.08823021980103322;11.21050952484222;3.272457177643326;15.407407407407407;45.75794110085345;4.962962962962963;2.4096198468363856;10.444444444444445;33586.555555555555;137150.3082220052;0.6878690965446632;0.18415009319345788;13.167728465061192;5.143091467535694;0.19239905513974212;0.5238464820002448;0.34615384615384615;0.4117647058823529;0.23317771428205955;0.26277372262773724;0.3671875
DC;Tumor;2100.0;4;600.0;4;0.6;0.1;100;2;17;9;0.6538461538461539;52;554;446;0.554;4;26;0;1.0;82;673;327;0.673;0.5;8.5;4.949747468305833;4.5;0.7071067811865476;4.0;195608.75;150304.38517596552;0.747278403308073;0.12599486654113878;63.808552345335976;23.220041950168532;6.5;3.696845502136472;4.0;0.816496580927726;2.5;111779.25;130289.98803982088;0.6096098229949404;0.17719696003681937;55.72728807620885;18.999181800042646;10.653846153846153;6.848170259086429;5.8076923076923075;1.386750490563073;4.846153846153846;3061.25;3575.407790399168;0.818291490869303;0.09287273796900009;4.2171034369068225;0.8445922376290474;8.207317073170731;6.339641702065591;4.951219512195122;1.6094047594109362;3.2560975609756095;2082.310975609756;3121.302482800619;0.6988851657824479;0.19985005854975355;4.697525458978089;1.198763446803111;0.016366472380896578;0.022655146562211594;0.038461538461538464;0.058823529411764705;0.05567792065962254;0.059;0.05017921146953405
DC;Tumor_CD15;2100.0;4;3770.0;4;0.6;0.1;100;2;17;9;0.6538461538461539;0;0;3;0.0;4;26;0;1.0;0;0;3;0.0;0.5;8.5;4.949747468305833;4.5;0.7071067811865476;4.0;195608.75;150304.38517596552;0.747278403308073;0.12599486654113878;63.808552345335976;23.220041950168532;6.5;3.696845502136472;4.0;0.816496580927726;2.5;111779.25;130289.98803982088;0.6096098229949404;0.17719696003681937;55.72728807620885;18.999181800042646;;;;;;;;;;;;;;;;;;;;;;;0.0;0.0;0.0;0.0;0.0;0.0;0.0
DC;other;2100.0;4;1400.0;4;0.6;0.1;100;2;17;9;0.6538461538461539;79;920;631;0.5931656995486783;4;26;0;1.0;113;1063;488;0.685364281108962;0.5;8.5;4.949747468305833;4.5;0.7071067811865476;4.0;195608.75;150304.38517596552;0.747278403308073;0.12599486654113878;63.808552345335976;23.220041950168532;6.5;3.696845502136472;4.0;0.816496580927726;2.5;111779.25;130289.98803982088;0.6096098229949404;0.17719696003681937;55.72728807620885;18.999181800042646;11.645569620253164;7.360737795175266;5.594936708860759;1.4721255114914291;6.050632911392405;9025.73417721519;10194.529335734449;0.8199104927707005;0.10570707131916668;6.672926711989142;1.7475005914759745;9.4070796460177;7.044041514618671;5.035398230088496;1.5173355614590556;4.371681415929204;6619.159292035398;9278.365009830637;0.7216579751253407;0.18364551658355943;7.325488850353583;2.2605696571516334;0.0728611880007189;0.19167797662999436;0.19230769230769232;0.29411764705882354;0.10517851990443984;0.06576402321083172;0.07567567567567568
MacCD163;B;1466.6666666666667;4;5257.692307692308;4;0.6;0.1;100;23;271;226;0.545271629778672;0;0;4;0.0;38;332;165;0.6680080482897385;1;4;0;1.0;0.6052631578947368;11.782608695652174;11.032829200078409;6.086956521739131;1.3788349323798652;5.695652173913044;25685.217391304348;47043.84439802988;0.8447621362002404;0.1083207768503265;10.334679127730045;2.8114389555519157;8.736842105263158;9.330809792284958;5.131578947368421;1.6303051054456354;3.6052631578947367;16751.25;37998.42449663343;0.6995904466219952;0.21374170374297433;12.226758938587391;4.548081346281017;;;;;;;;;;;;4.0;;3.0;;1.0;125473.5;;0.29923369468372996;;172.57603135570022;;0.0;0.0;0.0;0.0;0.0;0.5;0.0
MacCD163;BnT;1466.6666666666667;4;3864.102564102564;4;0.6;0.1;100;23;271;226;0.545271629778672;1;7;0;1.0;38;332;165;0.6680080482897385;1;7;0;1.0;0.6052631578947368;11.782608695652174;11.032829200078409;6.086956521739131;1.3788349323798652;5.695652173913044;25685.217391304348;47043.84439802988;0.8447621362002404;0.1083207768503265;10.334679127730045;2.8114389555519157;8.736842105263158;9.330809792284958;5.131578947368421;1.6303051054456354;3.6052631578947367;16751.25;37998.42449663343;0.6995904466219952;0.21374170374297433;12.226758938587391;4.548081346281017;7.0;;4.0;;3.0;6472.0;;0.6352617647426053;;14.152800466769595;;7.0;;4.0;;3.0;6472.0;;0.6352617647426053;;14.152800466769595;;0.0040620802483101745;0.004089968100398265;0.002012072434607646;0.0;0.3733296593002594;0.7142857142857143;0.7142857142857143
MacCD163;DC;1466.6666666666667;4;2100.0;4;0.6;0.1;100;23;271;226;0.545271629778672;2;17;9;0.6538461538461539;38;332;165;0.6680080482897385;4;26;0;1.0;0.6052631578947368;11.782608695652174;11.032829200078409;6.086956521739131;1.3788349323798652;5.695652173913044;25685.217391304348;47043.84439802988;0.8447621362002404;0.1083207768503265;10.334679127730045;2.8114389555519157;8.736842105263158;9.330809792284958;5.131578947368421;1.6303051054456354;3.6052631578947367;16751.25;37998.42449663343;0.6995904466219952;0.21374170374297433;12.226758938587391;4.548081346281017;8.5;4.949747468305833;4.5;0.7071067811865476;4.0;195608.75;150304.38517596552;0.747278403308073;0.12599486654113878;63.808552345335976;23.220041950168532;6.5;3.696845502136472;4.0;0.816496580927726;2.5;111779.25;130289.98803982088;0.6096098229949404;0.17719696003681937;55.72728807620885;18.999181800042646;0.22622114623542794;0.3066583908245241;0.09456740442655935;0.16605166051660517;0.4630710818496;0.23076923076923078;0.35294117647058826
MacCD163;MacCD163;1466.6666666666667;4;1466.6666666666667;4;0.6;0.1;100;23;271;226;0.545271629778672;23;271;226;0.545271629778672;38;332;165;0.6680080482897385;38;332;165;0.6680080482897385;0.6052631578947368;11.782608695652174;11.032829200078409;6.086956521739131;1.3788349323798652;5.695652173913044;25685.217391304348;47043.84439802988;0.8447621362002404;0.1083207768503265;10.334679127730045;2.8114389555519157;8.736842105263158;9.330809792284958;5.131578947368421;1.6303051054456354;3.6052631578947367;16751.25;37998.42449663343;0.6995904466219952;0.21374170374297433;12.226758938587391;4.548081346281017;11.782608695652174;11.032829200078409;6.086956521739131;1.3788349323798652;5.695652173913044;25685.217391304348;47043.84439802988;0.8447621362002404;0.1083207768503265;10.334679127730045;2.8114389555519157;8.736842105263158;9.330809792284958;5.131578947368421;1.6303051054456354;3.6052631578947367;16751.25;37998.42449663343;0.6995904466219952;0.21374170374297433;12.226758938587391;4.548081346281017;1.0;1.0;0.545271629778672;1.0;1.0;0.545271629778672;1.0
MacCD163;Neutrophil;1466.6666666666667;4;6300.0;4;0.6;0.1;100;23;271;226;0.545271629778672;0;0;4;0.0;38;332;165;0.6680080482897385;1;4;0;1.0;0.6052631578947368;11.782608695652174;11.032829200078409;6.086956521739131;1.3788349323798652;5.695652173913044;25685.217391304348;47043.84439802988;0.8447621362002404;0.1083207768503265;10.334679127730045;2.8114389555519157;8.736842105263158;9.330809792284958;5.131578947368421;1.6303051054456354;3.6052631578947367;16751.25;37998.42449663343;0.6995904466219952;0.21374170374297433;12.226758938587391;4.548081346281017;;;;;;;;;;;;4.0;;3.0;;1.0;3030445.0;;0.33423900756916197;;557.4902940425847;;0.0;0.0;0.0;0.0;0.0;0.0;0.0
MacCD163;T;1466.6666666666667;4;1400.0;4;0.6;0.1;100;23;271;226;0.545271629778672;19;381;167;0.6952554744525548;38;332;165;0.6680080482897385;27;416;132;0.7591240875912408;0.6052631578947368;11.782608695652174;11.032829200078409;6.086956521739131;1.3788349323798652;5.695652173913044;25685.217391304348;47043.84439802988;0.8447621362002404;0.1083207768503265;10.334679127730045;2.8114389555519157;8.736842105263158;9.330809792284958;5.131578947368421;1.6303051054456354;3.6052631578947367;16751.25;37998.42449663343;0.6995904466219952;0.21374170374297433;12.226758938587391;4.548081346281017;20.05263157894737;54.28983297922623;5.578947368421052;2.631345018842481;14.473684210526315;46257.44736842105;163081.09968789684;0.7897130912068188;0.08823021980103322;11.21050952484222;3.272457177643326;15.407407407407407;45.75794110085345;4.962962962962963;2.4096198468363856;10.444444444444445;33586.555555555555;137150.3082220052;0.6878690965446632;0.18415009319345788;13.167728465061192;5.143091467535694;0.25678906994889517;0.5082968516199383;0.23541247484909456;0.34317343173431736;0.3416592924871782;0.29014598540145986;0.3802083333333333
MacCD163;Tumor;1466.6666666666667;4;600.0;4;0.6;0.1;100;23;271;226;0.545271629778672;52;554;446;0.554;38;332;165;0.6680080482897385;82;673;327;0.673;0.6052631578947368;11.782608695652174;11.032829200078409;6.086956521739131;1.3788349323798652;5.695652173913044;25685.217391304348;47043.84439802988;0.8447621362002404;0.1083207768503265;10.334679127730045;2.8114389555519157;8.736842105263158;9.330809792284958;5.131578947368421;1.6303051054456354;3.6052631578947367;16751.25;37998.42449663343;0.6995904466219952;0.21374170374297433;12.226758938587391;4.548081346281017;10.653846153846153;6.848170259086429;5.8076923076923075;1.386750490563073;4.846153846153846;3061.25;3575.407790399168;0.818291490869303;0.09287273796900009;4.2171034369068225;0.8445922376290474;8.207317073170731;6.339641702065591;4.951219512195122;1.6094047594109362;3.2560975609756095;2082.310975609756;3121.302482800619;0.6988851657824479;0.19985005854975355;4.697525458978089;1.198763446803111;2.6916246137880265e-06;3.4168951651568425e-06;0.002012072434607646;0.0036900369003690036;1.2680623097453002e-05;0.004;0.0
MacCD163;Tumor_CD15;1466.6666666666667;4;3770.0;4;0.6;0.1;100;23;271;226;0.545271629778672;0;0;3;0.0;38;332;165;0.6680080482897385;0;0;3;0.0;0.6052631578947368;11.782608695652174;11.032829200078409;6.086956521739131;1.3788349323798652;5.695652173913044;25685.217391304348;47043.84439802988;0.8447621362002404;0.1083207768503265;10.334679127730045;2.8114389555519157;8.736842105263158;9.330809792284958;5.131578947368421;1.6303051054456354;3.6052631578947367;16751.25;37998.42449663343;0.6995904466219952;0.21374170374297433;12.226758938587391;4.548081346281017;;;;;;;;;;;;;;;;;;;;;;;0.0;0.0;0.0;0.0;0.0;0.0;0.0
MacCD163;other;1466.6666666666667;4;1400.0;4;0.6;0.1;100;23;271;226;0.545271629778672;79;920;631;0.5931656995486783;38;332;165;0.6680080482897385;113;1063;488;0.685364281108962;0.6052631578947368;11.782608695652174;11.032829200078409;6.086956521739131;1.3788349323798652;5.695652173913044;25685.217391304348;47043.84439802988;0.8447621362002404;0.1083207768503265;10.334679127730045;2.8114389555519157;8.736842105263158;9.330809792284958;5.131578947368421;1.6303051054456354;3.6052631578947367;16751.25;37998.42449663343;0.6995904466219952;0.21374170374297433;12.226758938587391;4.548081346281017;11.645569620253164;7.360737795175266;5.594936708860759;1.4721255114914291;6.050632911392405;9025.73417721519;10194.529335734449;0.8199104927707005;0.10570707131916668;6.672926711989142;1.7475005914759745;9.4070796460177;7.044041514618671;5.035398230088496;1.5173355614590556;4.371681415929204;6619.159292035398;9278.365009830637;0.7216579751253407;0.18364551658355943;7.325488850353583;2.2605696571516334;0.08400142972231636;0.1710129989142361;0.13682092555331993;0.14391143911439114;0.14170225777378;0.11476466795615732;0.1264864864864865
Neutrophil;B;6300.0;4;5257.692307692308;4;0.6;0.1;100;0;0;4;0.0;0;0;4;0.0;1;4;0;1.0;1;4;0;1.0;0.0;;;;;;;;;;;;4.0;;3.0;;1.0;3030445.0;;0.33423900756916197;;557.4902940425847;;;;;;;;;;;;;4.0;;3.0;;1.0;125473.5;;0.29923369468372996;;172.57603135570022;;0.0;0.0;0.0;0.0;0.0;0.0;0.0
Neutrophil;BnT;6300.0;4;3864.102564102564;4;0.6;0.1;100;0;0;4;0.0;1;7;0;1.0;1;4;0;1.0;1;7;0;1.0;0.0;;;;;;;;;;;;4.0;;3.0;;1.0;3030445.0;;0.33423900756916197;;557.4902940425847;;7.0;;4.0;;3.0;6472.0;;0.6352617647426053;;14.152800466769595;;7.0;;4.0;;3.0;6472.0;;0.6352617647426053;;14.152800466769595;;0.0;0.0;0.0;0.0;0.0;0.0;0.0
Neutrophil;DC;6300.0;4;2100.0;4;0.6;0.1;100;0;0;4;0.0;2;17;9;0.6538461538461539;1;4;0;1.0;4;26;0;1.0;0.0;;;;;;;;;;;;4.0;;3.0;;1.0;3030445.0;;0.33423900756916197;;557.4902940425847;;8.5;4.949747468305833;4.5;0.7071067811865476;4.0;195608.75;150304.38517596552;0.747278403308073;0.12599486654113878;63.808552345335976;23.220041950168532;6.5;3.696845502136472;4.0;0.816496580927726;2.5;111779.25;130289.98803982088;0.6096098229949404;0.17719696003681937;55.72728807620885;18.999181800042646;0.0;0.0;0.0;0.0;0.0;0.0;0.0
Neutrophil;MacCD163;6300.0;4;1466.6666666666667;4;0.6;0.1;100;0;0;4;0.0;23;271;226;0.545271629778672;1;4;0;1.0;38;332;165;0.6680080482897385;0.0;;;;;;;;;;;;4.0;;3.0;;1.0;3030445.0;;0.33423900756916197;;557.4902940425847;;11.782608695652174;11.032829200078409;6.086956521739131;1.3788349323798652;5.695652173913044;25685.217391304348;47043.84439802988;0.8447621362002404;0.1083207768503265;10.334679127730045;2.8114389555519157;8.736842105263158;9.330809792284958;5.131578947368421;1.6303051054456354;3.6052631578947367;16751.25;37998.42449663343;0.6995904466219952;0.21374170374297433;12.226758938587391;4.548081346281017;0.0;0.0;0.0;0.0;0.0;0.0;0.0
Neutrophil;Neutrophil;6300.0;4;6300.0;4;0.6;0.1;100;0;0;4;0.0;0;0;4;0.0;1;4;0;1.0;1;4;0;1.0;0.0;;;;;;;;;;;;4.0;;3.0;;1.0;3030445.0;;0.33423900756916197;;557.4902940425847;;;;;;;;;;;;;4.0;;3.0;;1.0;3030445.0;;0.33423900756916197;;557.4902940425847;;0.0;0.0;0.0;0.0;0.0;0.0;0.0
Neutrophil;T;6300.0;4;1400.0;4;0.6;0.1;100;0;0;4;0.0;19;381;167;0.6952554744525548;1;4;0;1.0;27;416;132;0.7591240875912408;0.0;;;;;;;;;;;;4.0;;3.0;;1.0;3030445.0;;0.33423900756916197;;557.4902940425847;;20.05263157894737;54.28983297922623;5.578947368421052;2.631345018842481;14.473684210526315;46257.44736842105;163081.09968789684;0.7897130912068188;0.08823021980103322;11.21050952484222;3.272457177643326;15.407407407407407;45.75794110085345;4.962962962962963;2.4096198468363856;10.444444444444445;33586.555555555555;137150.3082220052;0.6878690965446632;0.18415009319345788;13.167728465061192;5.143091467535694;0.0;0.0;0.0;0.0;0.0;0.0;0.0
Neutrophil;Tumor;6300.0;4;600.0;4;0.6;0.1;100;0;0;4;0.0;52;554;446;0.554;1;4;0;1.0;82;673;327;0.673;0.0;;;;;;;;;;;;4.0;;3.0;;1.0;3030445.0;;0.33423900756916197;;557.4902940425847;;10.653846153846153;6.848170259086429;5.8076923076923075;1.386750490563073;4.846153846153846;3061.25;3575.407790399168;0.818291490869303;0.09287273796900009;4.2171034369068225;0.8445922376290474;8.207317073170731;6.339641702065591;4.951219512195122;1.6094047594109362;3.2560975609756095;2082.310975609756;3121.302482800619;0.6988851657824479;0.19985005854975355;4.697525458978089;1.198763446803111;0.0;0.0;0.0;0.0;0.0;0.0;0.0
Neutrophil;Tumor_CD15;6300.0;4;3770.0;4;0.6;0.1;100;0;0;4;0.0;0;0;3;0.0;1;4;0;1.0;0;0;3;0.0;0.0;;;;;;;;;;;;4.0;;3.0;;1.0;3030445.0;;0.33423900756916197;;557.4902940425847;;;;;;;;;;;;;;;;;;;;;;;;0.0;0.0;0.0;0.0;0.0;0.0;0.0
Neutrophil;other;6300.0;4;1400.0;4;0.6;0.1;100;0;0;4;0.0;79;920;631;0.5931656995486783;1;4;0;1.0;113;1063;488;0.685364281108962;0.0;;;;;;;;;;;;4.0;;3.0;;1.0;3030445.0;;0.33423900756916197;;557.4902940425847;;11.645569620253164;7.360737795175266;5.594936708860759;1.4721255114914291;6.050632911392405;9025.73417721519;10194.529335734449;0.8199104927707005;0.10570707131916668;6.672926711989142;1.7475005914759745;9.4070796460177;7.044041514618671;5.035398230088496;1.5173355614590556;4.371681415929204;6619.159292035398;9278.365009830637;0.7216579751253407;0.18364551658355943;7.325488850353583;2.2605696571516334;0.0;0.0;0.25;0.0;0.0;0.0;0.0
T;B;1400.0;4;5257.692307692308;4;0.6;0.1;100;19;381;167;0.6952554744525548;0;0;4;0.0;27;416;132;0.7591240875912408;1;4;0;1.0;0.7037037037037037;20.05263157894737;54.28983297922623;5.578947368421052;2.631345018842481;14.473684210526315;46257.44736842105;163081.09968789684;0.7897130912068188;0.08823021980103322;11.21050952484222;3.272457177643326;15.407407407407407;45.75794110085345;4.962962962962963;2.4096198468363856;10.444444444444445;33586.555555555555;137150.3082220052;0.6878690965446632;0.18415009319345788;13.167728465061192;5.143091467535694;;;;;;;;;;;;4.0;;3.0;;1.0;125473.5;;0.29923369468372996;;172.57603135570022;;0.0;0.0;0.0;0.0;0.0;1.0;0.0
T;BnT;1400.0;4;3864.102564102564;4;0.6;0.1;100;19;381;167;0.6952554744525548;1;7;0;1.0;27;416;132;0.7591240875912408;1;7;0;1.0;0.7037037037037037;20.05263157894737;54.28983297922623;5.578947368421052;2.631345018842481;14.473684210526315;46257.44736842105;163081.09968789684;0.7897130912068188;0.08823021980103322;11.21050952484222;3.272457177643326;15.407407407407407;45.75794110085345;4.962962962962963;2.4096198468363856;10.444444444444445;33586.555555555555;137150.3082220052;0.6878690965446632;0.18415009319345788;13.167728465061192;5.143091467535694;7.0;;4.0;;3.0;6472.0;;0.6352617647426053;;14.152800466769595;;7.0;;4.0;;3.0;6472.0;;0.6352617647426053;;14.152800466769595;;0.00736382135906423;0.00736382135906423;0.012773722627737226;0.018229166666666668;1.0;1.0;1.0
T;DC;1400.0;4;2100.0;4;0.6;0.1;100;19;381;167;0.6952554744525548;2;17;9;0.6538461538461539;27;416;132;0.7591240875912408;4;26;0;1.0;0.7037037037037037;20.05263157894737;54.28983297922623;5.578947368421052;2.631345018842481;14.473684210526315;46257.44736842105;163081.09968789684;0.7897130912068188;0.08823021980103322;11.21050952484222;3.272457177643326;15.407407407407407;45.75794110085345;4.962962962962963;2.4096198468363856;10.444444444444445;33586.555555555555;137150.3082220052;0.6878690965446632;0.18415009319345788;13.167728465061192;5.143091467535694;8.5;4.949747468305833;4.5;0.7071067811865476;4.0;195608.75;150304.38517596552;0.747278403308073;0.12599486654113878;63.808552345335976;23.220041950168532;6.5;3.696845502136472;4.0;0.816496580927726;2.5;111779.25;130289.98803982088;0.6096098229949404;0.17719696003681937;55.72728807620885;18.999181800042646;0.19239905513974212;0.23317771428205955;0.26277372262773724;0.3671875;0.5238464820002448;0.34615384615384615;0.4117647058823529
T;MacCD163;1400.0;4;1466.6666666666667;4;0.6;0.1;100;19;381;167;0.6952554744525548;23;271;226;0.545271629778672;27;416;132;0.7591240875912408;38;332;165;0.6680080482897385;0.7037037037037037;20.05263157894737;54.28983297922623;5.578947368421052;2.631345018842481;14.473684210526315;46257.44736842105;163081.09968789684;0.7897130912068188;0.08823021980103322;11.21050952484222;3.272457177643326;15.407407407407407;45.75794110085345;4.962962962962963;2.4096198468363856;10.444444444444445;33586.555555555555;137150.3082220052;0.6878690965446632;0.18415009319345788;13.167728465061192;5.143091467535694;11.782608695652174;11.032829200078409;6.086956521739131;1.3788349323798652;5.695652173913044;25685.217391304348;47043.84439802988;0.8447621362002404;0.1083207768503265;10.334679127730045;2.8114389555519157;8.736842105263158;9.330809792284958;5.131578947368421;1.6303051054456354;3.6052631578947367;16751.25;37998.42449663343;0.6995904466219952;0.21374170374297433;12.226758938587391;4.548081346281017;0.25678906994889517;0.3416592924871782;0.29014598540145986;0.3802083333333333;0.5082968516199383;0.23541247484909456;0.34317343173431736
T;Neutrophil;1400.0;4;6300.0;4;0.6;0.1;100;19;381;167;0.6952554744525548;0;0;4;0.0;27;416;132;0.7591240875912408;1;4;0;1.0;0.7037037037037037;20.05263157894737;54.28983297922623;5.578947368421052;2.631345018842481;14.473684210526315;46257.44736842105;163081.09968789684;0.7897130912068188;0.08823021980103322;11.21050952484222;3.272457177643326;15.407407407407407;45.75794110085345;4.962962962962963;2.4096198468363856;10.444444444444445;33586.555555555555;137150.3082220052;0.6878690965446632;0.18415009319345788;13.167728465061192;5.143091467535694;;;;;;;;;;;;4.0;;3.0;;1.0;3030445.0;;0.33423900756916197;;557.4902940425847;;0.0;0.0;0.0;0.0;0.0;0.0;0.0
T;T;1400.0;4;1400.0;4;0.6;0.1;100;19;381;167;0.6952554744525548;19;381;167;0.6952554744525548;27;416;132;0.7591240875912408;27;416;132;0.7591240875912408;0.7037037037037037;20.05263157894737;54.28983297922623;5.578947368421052;2.631345018842481;14.473684210526315;46257.44736842105;163081.09968789684;0.7897130912068188;0.08823021980103322;11.21050952484222;3.272457177643326;15.407407407407407;45.75794110085345;4.962962962962963;2.4096198468363856;10.444444444444445;33586.555555555555;137150.3082220052;0.6878690965446632;0.18415009319345788;13.167728465061192;5.143091467535694;20.05263157894737;54.28983297922623;5.578947368421052;2.631345018842481;14.473684210526315;46257.44736842105;163081.09968789684;0.7897130912068188;0.08823021980103322;11.21050952484222;3.272457177643326;15.407407407407407;45.75794110085345;4.962962962962963;2.4096198468363856;10.444444444444445;33586.555555555555;137150.3082220052;0.6878690965446632;0.18415009319345788;13.167728465061192;5.143091467535694;1.0;1.0;0.7007299270072993;1.0;1.0;0.7007299270072993;1.0
T;Tumor;1400.0;4;600.0;4;0.6;0.1;100;19;381;167;0.6952554744525548;52;554;446;0.554;27;416;132;0.7591240875912408;82;673;327;0.673;0.7037037037037037;20.05263157894737;54.28983297922623;5.578947368421052;2.631345018842481;14.473684210526315;46257.44736842105;163081.09968789684;0.7897130912068188;0.08823021980103322;11.21050952484222;3.272457177643326;15.407407407407407;45.75794110085345;4.962962962962963;2.4096198468363856;10.444444444444445;33586.555555555555;137150.3082220052;0.6878690965446632;0.18415009319345788;13.167728465061192;5.143091467535694;10.653846153846153;6.848170259086429;5.8076923076923075;1.386750490563073;4.846153846153846;3061.25;3575.407790399168;0.818291490869303;0.09287273796900009;4.2171034369068225;0.8445922376290474;8.207317073170731;6.339641702065591;4.951219512195122;1.6094047594109362;3.2560975609756095;2082.310975609756;3121.302482800619;0.6988851657824479;0.19985005854975355;4.697525458978089;1.198763446803111;0.0013544077325369672;0.0015975545850901989;0.0;0.0;0.008820411129326272;0.013;0.010752688172043012
T;Tumor_CD15;1400.0;4;3770.0;4;0.6;0.1;100;19;381;167;0.6952554744525548;0;0;3;0.0;27;416;132;0.7591240875912408;0;0;3;0.0;0.7037037037037037;20.05263157894737;54.28983297922623;5.578947368421052;2.631345018842481;14.473684210526315;46257.44736842105;163081.09968789684;0.7897130912068188;0.08823021980103322;11.21050952484222;3.272457177643326;15.407407407407407;45.75794110085345;4.962962962962963;2.4096198468363856;10.444444444444445;33586.555555555555;137150.3082220052;0.6878690965446632;0.18415009319345788;13.167728465061192;5.143091467535694;;;;;;;;;;;;;;;;;;;;;;;0.0;0.0;0.0;0.0;0.0;0.0;0.0
T;other;1400.0;4;1400.0;4;0.6;0.1;100;19;381;167;0.6952554744525548;79;920;631;0.5931656995486783;27;416;132;0.7591240875912408;113;1063;488;0.685364281108962;0.7037037037037037;20.05263157894737;54.28983297922623;5.578947368421052;2.631345018842481;14.473684210526315;46257.44736842105;163081.09968789684;0.7897130912068188;0.08823021980103322;11.21050952484222;3.272457177643326;15.407407407407407;45.75794110085345;4.962962962962963;2.4096198468363856;10.444444444444445;33586.555555555555;137150.3082220052;0.6878690965446632;0.18415009319345788;13.167728465061192;5.143091467535694;11.645569620253164;7.360737795175266;5.594936708860759;1.4721255114914291;6.050632911392405;9025.73417721519;10194.529335734449;0.8199104927707005;0.10570707131916668;6.672926711989142;1.7475005914759745;9.4070796460177;7.044041514618671;5.035398230088496;1.5173355614590556;4.371681415929204;6619.159292035398;9278.365009830637;0.7216579751253407;0.18364551658355943;7.325488850353583;2.2605696571516334;0.09937922099460549;0.16372484037332316;0.16058394160583941;0.17708333333333334;0.20183031836703502;0.1463571889103804;0.15783783783783784
Tumor;B;600.0;4;5257.692307692308;4;0.6;0.1;100;52;554;446;0.554;0;0;4;0.0;82;673;327;0.673;1;4;0;1.0;0.6341463414634146;10.653846153846153;6.848170259086429;5.8076923076923075;1.386750490563073;4.846153846153846;3061.25;3575.407790399168;0.818291490869303;0.09287273796900009;4.2171034369068225;0.8445922376290474;8.207317073170731;6.339641702065591;4.951219512195122;1.6094047594109362;3.2560975609756095;2082.310975609756;3121.302482800619;0.6988851657824479;0.19985005854975355;4.697525458978089;1.198763446803111;;;;;;;;;;;;4.0;;3.0;;1.0;125473.5;;0.29923369468372996;;172.57603135570022;;0.0;0.0;0.0;0.0;0.0;0.0;0.0
Tumor;BnT;600.0;4;3864.102564102564;4;0.6;0.1;100;52;554;446;0.554;1;7;0;1.0;82;673;327;0.673;1;7;0;1.0;0.6341463414634146;10.653846153846153;6.848170259086429;5.8076923076923075;1.386750490563073;4.846153846153846;3061.25;3575.407790399168;0.818291490869303;0.09287273796900009;4.2171034369068225;0.8445922376290474;8.207317073170731;6.339641702065591;4.951219512195122;1.6094047594109362;3.2560975609756095;2082.310975609756;3121.302482800619;0.6988851657824479;0.19985005854975355;4.697525458978089;1.198763446803111;7.0;;4.0;;3.0;6472.0;;0.6352617647426053;;14.152800466769595;;7.0;;4.0;;3.0;6472.0;;0.6352617647426053;;14.152800466769595;;0.0;0.0;0.0;0.0;0.0;0.0;0.0
Tumor;DC;600.0;4;2100.0;4;0.6;0.1;100;52;554;446;0.554;2;17;9;0.6538461538461539;82;673;327;0.673;4;26;0;1.0;0.6341463414634146;10.653846153846153;6.848170259086429;5.8076923076923075;1.386750490563073;4.846153846153846;3061.25;3575.407790399168;0.818291490869303;0.09287273796900009;4.2171034369068225;0.8445922376290474;8.207317073170731;6.339641702065591;4.951219512195122;1.6094047594109362;3.2560975609756095;2082.310975609756;3121.302482800619;0.6988851657824479;0.19985005854975355;4.697525458978089;1.198763446803111;8.5;4.949747468305833;4.5;0.7071067811865476;4.0;195608.75;150304.38517596552;0.747278403308073;0.12599486654113878;63.808552345335976;23.220041950168532;6.5;3.696845502136472;4.0;0.816496580927726;2.5;111779.25;130289.98803982088;0.6096098229949404;0.17719696003681937;55.72728807620885;18.999181800042646;0.016366472380896575;0.05567792065962256;0.059;0.05017921146953405;0.0226551465622116;0.038461538461538464;0.058823529411764705
Tumor;MacCD163;600.0;4;1466.6666666666667;4;0.6;0.1;100;52;554;446;0.554;23;271;226;0.545271629778672;82;673;327;0.673;38;332;165;0.6680080482897385;0.6341463414634146;10.653846153846153;6.848170259086429;5.8076923076923075;1.386750490563073;4.846153846153846;3061.25;3575.407790399168;0.818291490869303;0.09287273796900009;4.2171034369068225;0.8445922376290474;8.207317073170731;6.339641702065591;4.951219512195122;1.6094047594109362;3.2560975609756095;2082.310975609756;3121.302482800619;0.6988851657824479;0.19985005854975355;4.697525458978089;1.198763446803111;11.782608695652174;11.032829200078409;6.086956521739131;1.3788349323798652;5.695652173913044;25685.217391304348;47043.84439802988;0.8447621362002404;0.1083207768503265;10.334679127730045;2.8114389555519157;8.736842105263158;9.330809792284958;5.131578947368421;1.6303051054456354;3.6052631578947367;16751.25;37998.42449663343;0.6995904466219952;0.21374170374297433;12.226758938587391;4.548081346281017;2.6916246137880265e-06;1.2680623097453002e-05;0.004;0.0;3.4168951651568425e-06;0.002012072434607646;0.0036900369003690036
Tumor;Neutrophil;600.0;4;6300.0;4;0.6;0.1;100;52;554;446;0.554;0;0;4;0.0;82;673;327;0.673;1;4;0;1.0;0.6341463414634146;10.653846153846153;6.848170259086429;5.8076923076923075;1.386750490563073;4.846153846153846;3061.25;3575.407790399168;0.818291490869303;0.09287273796900009;4.2171034369068225;0.8445922376290474;8.207317073170731;6.339641702065591;4.951219512195122;1.6094047594109362;3.2560975609756095;2082.310975609756;3121.302482800619;0.6988851657824479;0.19985005854975355;4.697525458978089;1.198763446803111;;;;;;;;;;;;4.0;;3.0;;1.0;3030445.0;;0.33423900756916197;;557.4902940425847;;0.0;0.0;0.0;0.0;0.0;0.0;0.0
Tumor;T;600.0;4;1400.0;4;0.6;0.1;100;52;554;446;0.554;19;381;167;0.6952554744525548;82;673;327;0.673;27;416;132;0.7591240875912408;0.6341463414634146;10.653846153846153;6.848170259086429;5.8076923076923075;1.386750490563073;4.846153846153846;3061.25;3575.407790399168;0.818291490869303;0.09287273796900009;4.2171034369068225;0.8445922376290474;8.207317073170731;6.339641702065591;4.951219512195122;1.6094047594109362;3.2560975609756095;2082.310975609756;3121.302482800619;0.6988851657824479;0.19985005854975355;4.697525458978089;1.198763446803111;20.05263157894737;54.28983297922623;5.578947368421052;2.631345018842481;14.473684210526315;46257.44736842105;163081.09968789684;0.7897130912068188;0.08823021980103322;11.21050952484222;3.272457177643326;15.407407407407407;45.75794110085345;4.962962962962963;2.4096198468363856;10.444444444444445;33586.555555555555;137150.3082220052;0.6878690965446632;0.18415009319345788;13.167728465061192;5.143091467535694;0.0013544077325369675;0.008820411129326272;0.013;0.010752688172043012;0.0015975545850901989;0.0;0.0
Tumor;Tumor;600.0;4;600.0;4;0.6;0.1;100;52;554;446;0.554;52;554;446;0.554;82;673;327;0.673;82;673;327;0.673;0.6341463414634146;10.653846153846153;6.848170259086429;5.8076923076923075;1.386750490563073;4.846153846153846;3061.25;3575.407790399168;0.818291490869303;0.09287273796900009;4.2171034369068225;0.8445922376290474;8.207317073170731;6.339641702065591;4.951219512195122;1.6094047594109362;3.2560975609756095;2082.310975609756;3121.302482800619;0.6988851657824479;0.19985005854975355;4.697525458978089;1.198763446803111;10.653846153846153;6.848170259086429;5.8076923076923075;1.386750490563073;4.846153846153846;3061.25;3575.407790399168;0.818291490869303;0.09287273796900009;4.2171034369068225;0.8445922376290474;8.207317073170731;6.339641702065591;4.951219512195122;1.6094047594109362;3.2560975609756095;2082.310975609756;3121.302482800619;0.6988851657824479;0.19985005854975355;4.697525458978089;1.198763446803111;1.0;1.0;0.558;1.0;1.0;0.558;1.0
Tumor;Tumor_CD15;600.0;4;3770.0;4;0.6;0.1;100;52;554;446;0.554;0;0;3;0.0;82;673;327;0.673;0;0;3;0.0;0.6341463414634146;10.653846153846153;6.848170259086429;5.8076923076923075;1.386750490563073;4.846153846153846;3061.25;3575.407790399168;0.818291490869303;0.09287273796900009;4.2171034369068225;0.8445922376290474;8.207317073170731;6.339641702065591;4.951219512195122;1.6094047594109362;3.2560975609756095;2082.310975609756;3121.302482800619;0.6988851657824479;0.19985005854975355;4.697525458978089;1.198763446803111;;;;;;;;;;;;;;;;;;;;;;;0.0;0.0;0.0;0.0;0.0;0.0;0.0
Tumor;other;600.0;4;1400.0;4;0.6;0.1;100;52;554;446;0.554;79;920;631;0.5931656995486783;82;673;327;0.673;113;1063;488;0.685364281108962;0.6341463414634146;10.653846153846153;6.848170259086429;5.8076923076923075;1.386750490563073;4.846153846153846;3061.25;3575.407790399168;0.818291490869303;0.09287273796900009;4.2171034369068225;0.8445922376290474;8.207317073170731;6.339641702065591;4.951219512195122;1.6094047594109362;3.2560975609756095;2082.310975609756;3121.302482800619;0.6988851657824479;0.19985005854975355;4.697525458978089;1.198763446803111;11.645569620253164;7.360737795175266;5.594936708860759;1.4721255114914291;6.050632911392405;9025.73417721519;10194.529335734449;0.8199104927707005;0.10570707131916668;6.672926711989142;1.7475005914759745;9.4070796460177;7.044041514618671;5.035398230088496;1.5173355614590556;4.371681415929204;6619.159292035398;9278.365009830637;0.7216579751253407;0.18364551658355943;7.325488850353583;2.2605696571516334;0.005879669412854173;0.03202521228387871;0.059;0.044802867383512544;0.007150406370690187;0.006447453255963894;0.006486486486486486
Tumor_CD15;B;3770.0;4;5257.692307692308;4;0.6;0.1;100;0;0;3;0.0;0;0;4;0.0;0;0;3;0.0;1;4;0;1.0;;;;;;;;;;;;;;;;;;;;;;;;;;;;;;;;;;;4.0;;3.0;;1.0;125473.5;;0.29923369468372996;;172.57603135570022;;0.0;0.0;0.0;0.0;0.0;0.0;0.0
Tumor_CD15;BnT;3770.0;4;3864.102564102564;4;0.6;0.1;100;0;0;3;0.0;1;7;0;1.0;0;0;3;0.0;1;7;0;1.0;;;;;;;;;;;;;;;;;;;;;;;;7.0;;4.0;;3.0;6472.0;;0.6352617647426053;;14.152800466769595;;7.0;;4.0;;3.0;6472.0;;0.6352617647426053;;14.152800466769595;;0.0;0.0;0.0;0.0;0.0;0.0;0.0
Tumor_CD15;DC;3770.0;4;2100.0;4;0.6;0.1;100;0;0;3;0.0;2;17;9;0.6538461538461539;0;0;3;0.0;4;26;0;1.0;;;;;;;;;;;;;;;;;;;;;;;;8.5;4.949747468305833;4.5;0.7071067811865476;4.0;195608.75;150304.38517596552;0.747278403308073;0.12599486654113878;63.808552345335976;23.220041950168532;6.5;3.696845502136472;4.0;0.816496580927726;2.5;111779.25;130289.98803982088;0.6096098229949404;0.17719696003681937;55.72728807620885;18.999181800042646;0.0;0.0;0.0;0.0;0.0;0.0;0.0
Tumor_CD15;MacCD163;3770.0;4;1466.6666666666667;4;0.6;0.1;100;0;0;3;0.0;23;271;226;0.545271629778672;0;0;3;0.0;38;332;165;0.6680080482897385;;;;;;;;;;;;;;;;;;;;;;;;11.782608695652174;11.032829200078409;6.086956521739131;1.3788349323798652;5.695652173913044;25685.217391304348;47043.84439802988;0.8447621362002404;0.1083207768503265;10.334679127730045;2.8114389555519157;8.736842105263158;9.330809792284958;5.131578947368421;1.6303051054456354;3.6052631578947367;16751.25;37998.42449663343;0.6995904466219952;0.21374170374297433;12.226758938587391;4.548081346281017;0.0;0.0;0.0;0.0;0.0;0.0;0.0
Tumor_CD15;Neutrophil;3770.0;4;6300.0;4;0.6;0.1;100;0;0;3;0.0;0;0;4;0.0;0;0;3;0.0;1;4;0;1.0;;;;;;;;;;;;;;;;;;;;;;;;;;;;;;;;;;;4.0;;3.0;;1.0;3030445.0;;0.33423900756916197;;557.4902940425847;;0.0;0.0;0.0;0.0;0.0;0.0;0.0
Tumor_CD15;T;3770.0;4;1400.0;4;0.6;0.1;100;0;0;3;0.0;19;381;167;0.6952554744525548;0;0;3;0.0;27;416;132;0.7591240875912408;;;;;;;;;;;;;;;;;;;;;;;;20.05263157894737;54.28983297922623;5.578947368421052;2.631345018842481;14.473684210526315;46257.44736842105;163081.09968789684;0.7897130912068188;0.08823021980103322;11.21050952484222;3.272457177643326;15.407407407407407;45.75794110085345;4.962962962962963;2.4096198468363856;10.444444444444445;33586.555555555555;137150.3082220052;0.6878690965446632;0.18415009319345788;13.167728465061192;5.143091467535694;0.0;0.0;0.0;0.0;0.0;0.0;0.0
Tumor_CD15;Tumor;3770.0;4;600.0;4;0.6;0.1;100;0;0;3;0.0;52;554;446;0.554;0;0;3;0.0;82;673;327;0.673;;;;;;;;;;;;;;;;;;;;;;;;10.653846153846153;6.848170259086429;5.8076923076923075;1.386750490563073;4.846153846153846;3061.25;3575.407790399168;0.818291490869303;0.09287273796900009;4.2171034369068225;0.8445922376290474;8.207317073170731;6.339641702065591;4.951219512195122;1.6094047594109362;3.2560975609756095;2082.310975609756;3121.302482800619;0.6988851657824479;0.19985005854975355;4.697525458978089;1.198763446803111;0.0;0.0;0.0;0.0;0.0;0.0;0.0
Tumor_CD15;Tumor_CD15;3770.0;4;3770.0;4;0.6;0.1;100;0;0;3;0.0;0;0;3;0.0;0;0;3;0.0;0;0;3;0.0;;;;;;;;;;;;;;;;;;;;;;;;;;;;;;;;;;;;;;;;;;;;;;0.0;0.0;0.0;0.0;0.0;0.0;0.0
Tumor_CD15;other;3770.0;4;1400.0;4;0.6;0.1;100;0;0;3;0.0;79;920;631;0.5931656995486783;0;0;3;0.0;113;1063;488;0.685364281108962;;;;;;;;;;;;;;;;;;;;;;;;11.645569620253164;7.360737795175266;5.594936708860759;1.4721255114914291;6.050632911392405;9025.73417721519;10194.529335734449;0.8199104927707005;0.10570707131916668;6.672926711989142;1.7475005914759745;9.4070796460177;7.044041514618671;5.035398230088496;1.5173355614590556;4.371681415929204;6619.159292035398;9278.365009830637;0.7216579751253407;0.18364551658355943;7.325488850353583;2.2605696571516334;0.0;0.0;0.3333333333333333;0.0;0.0;0.0;0.0
other;B;1400.0;4;5257.692307692308;4;0.6;0.1;100;79;920;631;0.5931656995486783;0;0;4;0.0;113;1063;488;0.685364281108962;1;4;0;1.0;0.6991150442477876;11.645569620253164;7.360737795175266;5.594936708860759;1.4721255114914291;6.050632911392405;9025.73417721519;10194.529335734449;0.8199104927707005;0.10570707131916668;6.672926711989142;1.7475005914759745;9.4070796460177;7.044041514618671;5.035398230088496;1.5173355614590556;4.371681415929204;6619.159292035398;9278.365009830637;0.7216579751253407;0.18364551658355943;7.325488850353583;2.2605696571516334;;;;;;;;;;;;4.0;;3.0;;1.0;125473.5;;0.29923369468372996;;172.57603135570022;;0.0;0.0;0.0;0.0;0.0;0.25;0.0
other;BnT;1400.0;4;3864.102564102564;4;0.6;0.1;100;79;920;631;0.5931656995486783;1;7;0;1.0;113;1063;488;0.685364281108962;1;7;0;1.0;0.6991150442477876;11.645569620253164;7.360737795175266;5.594936708860759;1.4721255114914291;6.050632911392405;9025.73417721519;10194.529335734449;0.8199104927707005;0.10570707131916668;6.672926711989142;1.7475005914759745;9.4070796460177;7.044041514618671;5.035398230088496;1.5173355614590556;4.371681415929204;6619.159292035398;9278.365009830637;0.7216579751253407;0.18364551658355943;7.325488850353583;2.2605696571516334;7.0;;4.0;;3.0;6472.0;;0.6352617647426053;;14.152800466769595;;7.0;;4.0;;3.0;6472.0;;0.6352617647426053;;14.152800466769595;;0.0;0.0;0.0;0.0;0.0;0.0;0.0
other;DC;1400.0;4;2100.0;4;0.6;0.1;100;79;920;631;0.5931656995486783;2;17;9;0.6538461538461539;113;1063;488;0.685364281108962;4;26;0;1.0;0.6991150442477876;11.645569620253164;7.360737795175266;5.594936708860759;1.4721255114914291;6.050632911392405;9025.73417721519;10194.529335734449;0.8199104927707005;0.10570707131916668;6.672926711989142;1.7475005914759745;9.4070796460177;7.044041514618671;5.035398230088496;1.5173355614590556;4.371681415929204;6619.159292035398;9278.365009830637;0.7216579751253407;0.18364551658355943;7.325488850353583;2.2605696571516334;8.5;4.949747468305833;4.5;0.7071067811865476;4.0;195608.75;150304.38517596552;0.747278403308073;0.12599486654113878;63.808552345335976;23.220041950168532;6.5;3.696845502136472;4.0;0.816496580927726;2.5;111779.25;130289.98803982088;0.6096098229949404;0.17719696003681937;55.72728807620885;18.999181800042646;0.07286118800071889;0.10517851990443981;0.06576402321083172;0.07567567567567568;0.1916779766299943;0.19230769230769232;0.29411764705882354
other;MacCD163;1400.0;4;1466.6666666666667;4;0.6;0.1;100;79;920;631;0.5931656995486783;23;271;226;0.545271629778672;113;1063;488;0.685364281108962;38;332;165;0.6680080482897385;0.6991150442477876;11.645569620253164;7.360737795175266;5.594936708860759;1.4721255114914291;6.050632911392405;9025.73417721519;10194.529335734449;0.8199104927707005;0.10570707131916668;6.672926711989142;1.7475005914759745;9.4070796460177;7.044041514618671;5.035398230088496;1.5173355614590556;4.371681415929204;6619.159292035398;9278.365009830637;0.7216579751253407;0.18364551658355943;7.325488850353583;2.2605696571516334;11.782608695652174;11.032829200078409;6.086956521739131;1.3788349323798652;5.695652173913044;25685.217391304348;47043.84439802988;0.8447621362002404;0.1083207768503265;10.334679127730045;2.8114389555519157;8.736842105263158;9.330809792284958;5.131578947368421;1.6303051054456354;3.6052631578947367;16751.25;37998.42449663343;0.6995904466219952;0.21374170374297433;12.226758938587391;4.548081346281017;0.08400142972231636;0.14170225777378;0.11476466795615732;0.1264864864864865;0.1710129989142361;0.13682092555331993;0.14391143911439114
other;Neutrophil;1400.0;4;6300.0;4;0.6;0.1;100;79;920;631;0.5931656995486783;0;0;4;0.0;113;1063;488;0.685364281108962;1;4;0;1.0;0.6991150442477876;11.645569620253164;7.360737795175266;5.594936708860759;1.4721255114914291;6.050632911392405;9025.73417721519;10194.529335734449;0.8199104927707005;0.10570707131916668;6.672926711989142;1.7475005914759745;9.4070796460177;7.044041514618671;5.035398230088496;1.5173355614590556;4.371681415929204;6619.159292035398;9278.365009830637;0.7216579751253407;0.18364551658355943;7.325488850353583;2.2605696571516334;;;;;;;;;;;;4.0;;3.0;;1.0;3030445.0;;0.33423900756916197;;557.4902940425847;;0.0;0.0;0.0;0.0;0.0;0.25;0.0
other;T;1400.0;4;1400.0;4;0.6;0.1;100;79;920;631;0.5931656995486783;19;381;167;0.6952554744525548;113;1063;488;0.685364281108962;27;416;132;0.7591240875912408;0.6991150442477876;11.645569620253164;7.360737795175266;5.594936708860759;1.4721255114914291;6.050632911392405;9025.73417721519;10194.529335734449;0.8199104927707005;0.10570707131916668;6.672926711989142;1.7475005914759745;9.4070796460177;7.044041514618671;5.035398230088496;1.5173355614590556;4.371681415929204;6619.159292035398;9278.365009830637;0.7216579751253407;0.18364551658355943;7.325488850353583;2.2605696571516334;20.05263157894737;54.28983297922623;5.578947368421052;2.631345018842481;14.473684210526315;46257.44736842105;163081.09968789684;0.7897130912068188;0.08823021980103322;11.21050952484222;3.272457177643326;15.407407407407407;45.75794110085345;4.962962962962963;2.4096198468363856;10.444444444444445;33586.555555555555;137150.3082220052;0.6878690965446632;0.18415009319345788;13.167728465061192;5.143091467535694;0.09937922099460547;0.20183031836703502;0.1463571889103804;0.15783783783783784;0.16372484037332316;0.16058394160583941;0.17708333333333334
other;Tumor;1400.0;4;600.0;4;0.6;0.1;100;79;920;631;0.5931656995486783;52;554;446;0.554;113;1063;488;0.685364281108962;82;673;327;0.673;0.6991150442477876;11.645569620253164;7.360737795175266;5.594936708860759;1.4721255114914291;6.050632911392405;9025.73417721519;10194.529335734449;0.8199104927707005;0.10570707131916668;6.672926711989142;1.7475005914759745;9.4070796460177;7.044041514618671;5.035398230088496;1.5173355614590556;4.371681415929204;6619.159292035398;9278.365009830637;0.7216579751253407;0.18364551658355943;7.325488850353583;2.2605696571516334;10.653846153846153;6.848170259086429;5.8076923076923075;1.386750490563073;4.846153846153846;3061.25;3575.407790399168;0.818291490869303;0.09287273796900009;4.2171034369068225;0.8445922376290474;8.207317073170731;6.339641702065591;4.951219512195122;1.6094047594109362;3.2560975609756095;2082.310975609756;3121.302482800619;0.6988851657824479;0.19985005854975355;4.697525458978089;1.198763446803111;0.005879669412854174;0.007150406370690187;0.006447453255963894;0.006486486486486486;0.03202521228387871;0.059;0.044802867383512544
other;Tumor_CD15;1400.0;4;3770.0;4;0.6;0.1;100;79;920;631;0.5931656995486783;0;0;3;0.0;113;1063;488;0.685364281108962;0;0;3;0.0;0.6991150442477876;11.645569620253164;7.360737795175266;5.594936708860759;1.4721255114914291;6.050632911392405;9025.73417721519;10194.529335734449;0.8199104927707005;0.10570707131916668;6.672926711989142;1.7475005914759745;9.4070796460177;7.044041514618671;5.035398230088496;1.5173355614590556;4.371681415929204;6619.159292035398;9278.365009830637;0.7216579751253407;0.18364551658355943;7.325488850353583;2.2605696571516334;;;;;;;;;;;;;;;;;;;;;;;0.0;0.0;0.0;0.0;0.0;0.3333333333333333;0.0
other;other;1400.0;4;1400.0;4;0.6;0.1;100;79;920;631;0.5931656995486783;79;920;631;0.5931656995486783;113;1063;488;0.685364281108962;113;1063;488;0.685364281108962;0.6991150442477876;11.645569620253164;7.360737795175266;5.594936708860759;1.4721255114914291;6.050632911392405;9025.73417721519;10194.529335734449;0.8199104927707005;0.10570707131916668;6.672926711989142;1.7475005914759745;9.4070796460177;7.044041514618671;5.035398230088496;1.5173355614590556;4.371681415929204;6619.159292035398;9278.365009830637;0.7216579751253407;0.18364551658355943;7.325488850353583;2.2605696571516334;11.645569620253164;7.360737795175266;5.594936708860759;1.4721255114914291;6.050632911392405;9025.73417721519;10194.529335734449;0.8199104927707005;0.10570707131916668;6.672926711989142;1.7475005914759745;9.4070796460177;7.044041514618671;5.035398230088496;1.5173355614590556;4.371681415929204;6619.159292035398;9278.365009830637;0.7216579751253407;0.18364551658355943;7.325488850353583;2.2605696571516334;1.0;1.0;0.5963894261766602;1.0;1.0;0.5963894261766602;1.0
