cell_type;epsilon;min_sample;n_cluster;n_clustered_cells;n_isolated_cells;is_optimal
B;100;4;0;0;4;False
B;200;4;0;0;4;False
B;300;4;0;0;4;False
B;400;4;0;0;4;False
B;500;4;0;0;4;False
B;600;4;0;0;4;False
B;800;4;0;0;4;False
B;1000;4;0;0;4;False
B;1200;4;0;0;4;False
B;1400;4;0;0;4;False
B;1600;4;0;0;4;False
B;1800;4;0;0;4;False
B;2000;4;0;0;4;False
B;2200;4;0;0;4;False
B;2400;4;1;4;0;False
B;2600;4;1;4;0;False
B;2800;4;1;4;0;False
B;3000;4;1;4;0;False
B;3200;4;1;4;0;False
B;3600;4;1;4;0;False
B;3800;4;1;4;0;False
B;4000;4;1;4;0;False
B;4200;4;1;4;0;False
B;4400;4;1;4;0;False
B;4600;4;1;4;0;False
B;4800;4;1;4;0;False
B;5000;4;1;4;0;False
B;5200;4;1;4;0;False
B;5400;4;1;4;0;False
B;5600;4;1;4;0;False
B;5800;4;1;4;0;False
B;6000;4;1;4;0;False
B;6300;4;1;4;0;False
B;6600;4;1;4;0;False
B;7000;4;1;4;0;False
B;7300;4;1;4;0;False
B;7600;4;1;4;0;False
B;8000;4;1;4;0;False
B;8500;4;1;4;0;False
B;9000;4;1;4;0;False
B;9000;4;1;4;0;False
BnT;100;4;0;0;7;False
BnT;200;4;1;7;0;False
BnT;300;4;1;7;0;False
BnT;400;4;1;7;0;False
BnT;500;4;1;7;0;False
BnT;600;4;1;7;0;False
BnT;800;4;1;7;0;False
BnT;1000;4;1;7;0;False
BnT;1200;4;1;7;0;False
BnT;1400;4;1;7;0;False
BnT;1600;4;1;7;0;False
BnT;1800;4;1;7;0;False
BnT;2000;4;1;7;0;False
BnT;2200;4;1;7;0;False
BnT;2400;4;1;7;0;False
BnT;2600;4;1;7;0;False
BnT;2800;4;1;7;0;False
BnT;3000;4;1;7;0;False
BnT;3200;4;1;7;0;False
BnT;3600;4;1;7;0;False
BnT;3800;4;1;7;0;False
BnT;4000;4;1;7;0;False
BnT;4200;4;1;7;0;False
BnT;4400;4;1;7;0;False
BnT;4600;4;1;7;0;False
BnT;4800;4;1;7;0;False
BnT;5000;4;1;7;0;False
BnT;5200;4;1;7;0;False
BnT;5400;4;1;7;0;False
BnT;5600;4;1;7;0;False
BnT;5800;4;1;7;0;False
BnT;6000;4;1;7;0;False
BnT;6300;4;1;7;0;False
BnT;6600;4;1;7;0;False
BnT;7000;4;1;7;0;False
BnT;7300;4;1;7;0;False
BnT;7600;4;1;7;0;False
BnT;8000;4;1;7;0;False
BnT;8500;4;1;7;0;False
BnT;9000;4;1;7;0;False
BnT;9000;4;1;7;0;False
DC;100;4;0;0;26;False
DC;200;4;0;0;26;False
DC;300;4;1;4;22;False
DC;400;4;1;4;22;False
DC;500;4;1;4;22;False
DC;600;4;2;8;18;False
DC;800;4;2;9;17;False
DC;1000;4;2;11;15;False
DC;1200;4;3;19;7;False
DC;1400;4;3;21;5;False
DC;1600;4;3;21;5;False
DC;1800;4;4;26;0;False
DC;2000;4;4;26;0;False
DC;2200;4;4;26;0;False
DC;2400;4;4;26;0;False
DC;2600;4;3;26;0;False
DC;2800;4;3;26;0;False
DC;3000;4;3;26;0;False
DC;3200;4;2;26;0;False
DC;3600;4;1;26;0;False
DC;3800;4;1;26;0;False
DC;4000;4;1;26;0;False
DC;4200;4;1;26;0;False
DC;4400;4;1;26;0;False
DC;4600;4;1;26;0;False
DC;4800;4;1;26;0;False
DC;5000;4;1;26;0;False
DC;5200;4;1;26;0;False
DC;5400;4;1;26;0;False
DC;5600;4;1;26;0;False
DC;5800;4;1;26;0;False
DC;6000;4;1;26;0;False
DC;6300;4;1;26;0;False
DC;6600;4;1;26;0;False
DC;7000;4;1;26;0;False
DC;7300;4;1;26;0;False
DC;7600;4;1;26;0;False
DC;8000;4;1;26;0;False
DC;8500;4;1;26;0;False
DC;9000;4;1;26;0;False
DC;9000;4;4;26;0;False
MacCD163;100;4;0;0;497;False
MacCD163;200;4;0;0;497;False
MacCD163;300;4;0;0;497;False
MacCD163;400;4;3;12;485;False
MacCD163;500;4;7;30;467;False
MacCD163;600;4;12;55;442;False
MacCD163;800;4;22;120;377;False
MacCD163;1000;4;34;203;294;False
MacCD163;1200;4;39;263;234;False
MacCD163;1400;4;39;313;184;False
MacCD163;1600;4;38;367;130;False
MacCD163;1800;4;39;415;82;False
MacCD163;2000;4;30;437;60;False
MacCD163;2200;4;24;443;54;False
MacCD163;2400;4;19;451;46;False
MacCD163;2600;4;14;457;40;False
MacCD163;2800;4;14;470;27;False
MacCD163;3000;4;15;478;19;False
MacCD163;3200;4;14;479;18;False
MacCD163;3600;4;11;484;13;False
MacCD163;3800;4;10;485;12;False
MacCD163;4000;4;10;485;12;False
MacCD163;4200;4;9;487;10;False
MacCD163;4400;4;8;490;7;False
MacCD163;4600;4;7;490;7;False
MacCD163;4800;4;7;490;7;False
MacCD163;5000;4;6;490;7;False
MacCD163;5200;4;5;490;7;False
MacCD163;5400;4;4;490;7;False
MacCD163;5600;4;4;490;7;False
MacCD163;5800;4;4;490;7;False
MacCD163;6000;4;4;490;7;False
MacCD163;6300;4;4;493;4;False
MacCD163;6600;4;3;493;4;False
MacCD163;7000;4;3;494;3;False
MacCD163;7300;4;3;494;3;False
MacCD163;7600;4;3;494;3;False
MacCD163;8000;4;3;497;0;False
MacCD163;8500;4;3;497;0;False
MacCD163;9000;4;3;497;0;False
MacCD163;9000;4;38;332;165;False
Neutrophil;100;4;0;0;4;False
Neutrophil;200;4;0;0;4;False
Neutrophil;300;4;0;0;4;False
Neutrophil;400;4;0;0;4;False
Neutrophil;500;4;0;0;4;False
Neutrophil;600;4;0;0;4;False
Neutrophil;800;4;0;0;4;False
Neutrophil;1000;4;0;0;4;False
Neutrophil;1200;4;0;0;4;False
Neutrophil;1400;4;0;0;4;False
Neutrophil;1600;4;0;0;4;False
Neutrophil;1800;4;0;0;4;False
Neutrophil;2000;4;0;0;4;False
Neutrophil;2200;4;0;0;4;False
Neutrophil;2400;4;0;0;4;False
Neutrophil;2600;4;0;0;4;False
Neutrophil;2800;4;0;0;4;False
Neutrophil;3000;4;0;0;4;False
Neutrophil;3200;4;0;0;4;False
Neutrophil;3600;4;0;0;4;False
Neutrophil;3800;4;0;0;4;False
Neutrophil;4000;4;0;0;4;False
Neutrophil;4200;4;0;0;4;False
Neutrophil;4400;4;1;4;0;False
Neutrophil;4600;4;1;4;0;False
Neutrophil;4800;4;1;4;0;False
Neutrophil;5000;4;1;4;0;False
Neutrophil;5200;4;1;4;0;False
Neutrophil;5400;4;1;4;0;False
Neutrophil;5600;4;1;4;0;False
Neutrophil;5800;4;1;4;0;False
Neutrophil;6000;4;1;4;0;False
Neutrophil;6300;4;1;4;0;True
Neutrophil;6600;4;1;4;0;False
Neutrophil;7000;4;1;4;0;False
Neutrophil;7300;4;1;4;0;False
Neutrophil;7600;4;1;4;0;False
Neutrophil;8000;4;1;4;0;False
Neutrophil;8500;4;1;4;0;False
Neutrophil;9000;4;1;4;0;False
T;100;4;0;0;548;False
T;200;4;0;0;548;False
T;300;4;3;12;536;False
T;400;4;11;52;496;False
T;500;4;14;101;447;False
T;600;4;15;158;390;False
T;800;4;19;256;292;False
T;1000;4;26;328;220;False
T;1200;4;26;371;177;False
T;1400;4;27;416;132;True
T;1600;4;22;433;115;False
T;1800;4;24;459;89;False
T;2000;4;24;484;64;False
T;2200;4;18;492;56;False
T;2400;4;18;507;41;False
T;2600;4;14;517;31;False
T;2800;4;11;527;21;False
T;3000;4;11;531;17;False
T;3200;4;9;535;13;False
T;3600;4;7;535;13;False
T;3800;4;7;536;12;False
T;4000;4;8;542;6;False
T;4200;4;8;542;6;False
T;4400;4;7;543;5;False
T;4600;4;7;544;4;False
T;4800;4;7;544;4;False
T;5000;4;7;544;4;False
T;5200;4;7;544;4;False
T;5400;4;7;544;4;False
T;5600;4;4;544;4;False
T;5800;4;4;544;4;False
T;6000;4;4;544;4;False
T;6300;4;4;544;4;False
T;6600;4;4;544;4;False
T;7000;4;4;544;4;False
T;7300;4;3;544;4;False
T;7600;4;3;544;4;False
T;8000;4;3;544;4;False
T;8500;4;2;544;4;False
T;9000;4;1;544;4;False
Tumor;100;4;0;0;1000;False
Tumor;200;4;0;0;1000;False
Tumor;300;4;6;23;977;False
Tumor;400;4;26;127;873;False
Tumor;500;4;64;362;638;False
Tumor;600;4;82;673;327;True
Tumor;800;4;45;908;92;False
Tumor;1000;4;31;947;53;False
Tumor;1200;4;21;959;41;False
Tumor;1400;4;19;966;34;False
Tumor;1600;4;17;970;30;False
Tumor;1800;4;15;973;27;False
Tumor;2000;4;14;984;16;False
Tumor;2200;4;12;986;14;False
Tumor;2400;4;11;988;12;False
Tumor;2600;4;10;988;12;False
Tumor;2800;4;10;988;12;False
Tumor;3000;4;9;988;12;False
Tumor;3200;4;9;991;9;False
Tumor;3600;4;9;992;8;False
Tumor;3800;4;9;992;8;False
Tumor;4000;4;9;994;6;False
Tumor;4200;4;9;994;6;False
Tumor;4400;4;9;994;6;False
Tumor;4600;4;8;994;6;False
Tumor;4800;4;8;994;6;False
Tumor;5000;4;8;994;6;False
Tumor;5200;4;7;994;6;False
Tumor;5400;4;7;994;6;False
Tumor;5600;4;7;994;6;False
Tumor;5800;4;7;994;6;False
Tumor;6000;4;7;994;6;False
Tumor;6300;4;7;994;6;False
Tumor;6600;4;7;995;5;False
Tumor;7000;4;5;997;3;False
Tumor;7300;4;4;997;3;False
Tumor;7600;4;4;997;3;False
Tumor;8000;4;4;997;3;False
Tumor;8500;4;4;997;3;False
Tumor;9000;4;4;997;3;False
Tumor_CD15;100;4;0;0;3;False
Tumor_CD15;200;4;0;0;3;False
Tumor_CD15;300;4;0;0;3;False
Tumor_CD15;400;4;0;0;3;False
Tumor_CD15;500;4;0;0;3;False
Tumor_CD15;600;4;0;0;3;False
Tumor_CD15;800;4;0;0;3;False
Tumor_CD15;1000;4;0;0;3;False
Tumor_CD15;1200;4;0;0;3;False
Tumor_CD15;1400;4;0;0;3;False
Tumor_CD15;1600;4;0;0;3;False
Tumor_CD15;1800;4;0;0;3;False
Tumor_CD15;2000;4;0;0;3;False
Tumor_CD15;2200;4;0;0;3;False
Tumor_CD15;2400;4;0;0;3;False
Tumor_CD15;2600;4;0;0;3;False
Tumor_CD15;2800;4;0;0;3;False
Tumor_CD15;3000;4;0;0;3;False
Tumor_CD15;3200;4;0;0;3;False
Tumor_CD15;3600;4;0;0;3;False
Tumor_CD15;3800;4;0;0;3;False
Tumor_CD15;4000;4;0;0;3;False
Tumor_CD15;4200;4;0;0;3;False
Tumor_CD15;4400;4;0;0;3;False
Tumor_CD15;4600;4;0;0;3;False
Tumor_CD15;4800;4;0;0;3;False
Tumor_CD15;5000;4;0;0;3;False
Tumor_CD15;5200;4;0;0;3;False
Tumor_CD15;5400;4;0;0;3;False
Tumor_CD15;5600;4;0;0;3;False
Tumor_CD15;5800;4;0;0;3;False
Tumor_CD15;6000;4;0;0;3;False
Tumor_CD15;6300;4;0;0;3;False
Tumor_CD15;6600;4;0;0;3;False
Tumor_CD15;7000;4;0;0;3;False
Tumor_CD15;7300;4;0;0;3;False
Tumor_CD15;7600;4;0;0;3;False
Tumor_CD15;8000;4;0;0;3;False
Tumor_CD15;8500;4;0;0;3;False
Tumor_CD15;9000;4;0;0;3;False
Tumor_CD15;9000;4;0;0;3;False
other;100;4;0;0;1551;False
other;200;4;0;0;1551;False
other;300;4;0;0;1551;False
other;400;4;1;4;1547;False
other;500;4;11;47;1504;False
other;600;4;21;102;1449;False
other;800;4;55;314;1237;False
other;1000;4;95;632;919;False
other;1200;4;100;818;733;False
other;1400;4;113;1063;488;True
other;1600;4;103;1193;358;False
other;1800;4;87;1325;226;False
other;2000;4;70;1409;142;False
other;2200;4;55;1461;90;False
other;2400;4;45;1497;54;False
other;2600;4;42;1523;28;False
other;2800;4;28;1534;17;False
other;3000;4;22;1537;14;False
other;3200;4;19;1543;8;False
other;3600;4;9;1550;1;False
other;3800;4;6;1551;0;False
other;4000;4;6;1551;0;False
other;4200;4;5;1551;0;False
other;4400;4;4;1551;0;False
other;4600;4;3;1551;0;False
other;4800;4;3;1551;0;False
other;5000;4;3;1551;0;False
other;5200;4;3;1551;0;False
other;5400;4;3;1551;0;False
other;5600;4;3;1551;0;False
other;5800;4;3;1551;0;False
other;6000;4;3;1551;0;False
other;6300;4;3;1551;0;False
other;6600;4;3;1551;0;False
other;7000;4;3;1551;0;False
other;7300;4;3;1551;0;False
other;7600;4;3;1551;0;False
other;8000;4;3;1551;0;False
other;8500;4;3;1551;0;False
other;9000;4;3;1551;0;False
